<application>
  <component name="AndroidLogcatFilterHistory">
    <option name="mostRecentlyUsed" value="" />
    <option name="nonFavorites">
      <list>
        <option value="TTReaderPdfView" />
        <option value="&quot;checkSecurityPolicy result=&quot;" />
        <option value="&quot;/api/box/file/permission/&quot;" />
        <option value="copy" />
        <option value="CCM_CONTENT_COPY" />
        <option value="security policy" />
        <option value="handleLoadPage" />
        <option value="ccm_docs_tts_play_stage" />
        <option value="package:mine level:error " />
        <option value="ccm_docs_tts_player_click" />
        <option value="ccm_space_docs_more_menu_click | ccm_docs_tts_player_click | ccm_docs_tts_play_list_click | ccm_docs_tts_player_view | ccm_docs_tts_play_list_view | ccm_docs_tts_plat_stop_view" />
        <option value="ccm_space_docs_more_menu_click | ccm_docs_tts_player_click | ccm_docs_tts_play_list_click | ccm_docs_tts_player_view | ccm_docs_tts_play_list_view | ccm_docs_tts_plat_stop_view | generatePlayerParams" />
        <option value="ccm_space_docs_more_menu_click | ccm_docs_tts_player_click | ccm_docs_tts_play_list_click | ccm_docs_tts_player_view | ccm_docs_tts_play_list_view | ccm_docs_tts_plat_stop_view | isCompactStyle" />
        <option value="ccm_docs_tts_player_click | ccm_docs_tts_play_list_click | ccm_docs_tts_player_view | ccm_docs_tts_play_list_view | ccm_docs_tts_plat_stop_view | isCompactStyle" />
        <option value="ccm_docs_tts_play_list_click | ccm_docs_tts_player_view | ccm_docs_tts_play_list_view | ccm_docs_tts_plat_stop_view | isCompactStyle" />
        <option value="ccm_docs_tts_play_list_click | ccm_docs_tts_player_view | ccm_docs_tts_play_list_view | ccm_docs_tts_plat_stop_view | onVideoSizeChanged" />
        <option value="ccm_docs_tts_play_list_click | ccm_docs_tts_player_view | ccm_docs_tts_play_list_view | ccm_docs_tts_plat_stop_view | DRIVE_VideoPlayer" />
        <option value="ccm_docs_tts_play_list_click | ccm_docs_tts_player_view | ccm_docs_tts_play_list_view | ccm_docs_tts_plat_stop_view" />
        <option value="ccm_docs_tts_play_list_click | ccm_docs_tts_player_view | ccm_docs_tts_play_list_view" />
        <option value="ccm_docs_tts_play_list_click | ccm_docs_tts_player_view" />
      </list>
    </option>
  </component>
</application>