<application>
  <component name="FileTypeManager" version="19">
    <extensionMap>
      <mapping pattern="symbols" type="AUTO_DETECTED" />
      <mapping pattern="sourceToOutputs" type="AUTO_DETECTED" />
      <mapping ext="gradle.kts" type="Kotlin" />
      <mapping ext="main.kts" type="Kotlin" />
      <mapping ext="arb" type="PLAIN_TEXT" />
      <mapping ext="jks" type="PLAIN_TEXT" />
      <removed_mapping ext="api" approved="true" type="JAVA" />
      <removed_mapping ext="apk" approved="true" type="ARCHIVE" />
      <removed_mapping ext="pro" approved="true" type="DeviceSpecFile" />
      <removed_mapping ext="processors" approved="true" type="PLAIN_TEXT" />
      <removed_mapping ext="psd" approved="true" type="Image" />
    </extensionMap>
  </component>
</application>