<application>
  <component name="FindSettings">
    <option name="customScope" value="Project Files" />
    <option name="defaultScopeName" value="Project Files" />
    <option name="SEARCH_SCOPE" value="Project Files" />
    <mask>java</mask>
    <mask>*.groovy</mask>
    <mask>*.proto.api</mask>
    <mask>*.proto*</mask>
    <mask>*.db.api</mask>
    <mask>Chatting*Guide*.*</mask>
    <mask>*.</mask>
    <mask>*.db</mask>
    <mask>*.api</mask>
    <mask>*.arb</mask>
    <mask>*.proto</mask>
    <mask>*.dart</mask>
    <mask>*Constant*</mask>
    <mask>*constant*</mask>
    <mask>*.pro</mask>
    <mask>*list*</mask>
    <mask>*Module*</mask>
    <mask>*.toml</mask>
    <mask>*.kt</mask>
    <mask>*.xml</mask>
    <mask>*util.*</mask>
    <mask>Mig.*</mask>
    <mask>*.gradle</mask>
    <mask>*.yml</mask>
  </component>
</application>