<application>
  <component name="Trusted.Paths">
    <option name="TRUSTED_PROJECT_PATHS">
      <map>
        <entry key="$USER_HOME$/LSL/Archives/Develop/Projects/VMLibrary-Android" value="true" />
        <entry key="$USER_HOME$/LSL/Projects/VMLibrary-Android" value="true" />
      </map>
    </option>
  </component>
  <component name="Trusted.Paths.Settings">
    <option name="TRUSTED_PATHS">
      <list>
        <option value="$USER_HOME$/LSL/Projects" />
        <option value="$USER_HOME$/LSL/Archives/Develop/Projects" />
      </list>
    </option>
  </component>
</application>