<application>
  <component name="UpdatesConfigurable">
    <option name="LAST_BUILD_CHECKED" value="AI-243.22562.218.2431.13114758" />
    <option name="LAST_TIME_CHECKED" value="1755023434746" />
    <option name="OBSOLETE_CUSTOM_REPOSITORIES_CLEAN_NEEDED" value="false" />
    <pluginHosts>
      <item value="http://tosv.byted.org/obj/codeverse-tos/jetbrain_plugin/Codeverse.xml" />
      <item value="https://tosv-sg.tiktok-row.org/obj/code-intelligence-i18n-sg/Jetbrain_Plugins/Codeverse_i18n.xml" />
    </pluginHosts>
    <option name="THIRD_PARTY_PLUGINS_ALLOWED" value="true" />
  </component>
</application>