<application>
  <component name="DimensionService">
    <location key="WELCOME_SCREEN.0.0.5120.2880@192dpi" x="2560" y="600" />
  </component>
  <component name="WindowManager">
    <frame x="0" y="25" width="2560" height="1337" extendedState="6" />
  </component>
  <component name="WindowStateApplicationService">
    <state x="1280" y="582" width="800" height="654" key="WELCOME_SCREEN" timestamp="1755023431564">
      <screen x="0" y="25" width="2560" height="1345" />
    </state>
    <state x="1280" y="579" width="800" height="650" key="WELCOME_SCREEN/0.25.2560.1337" timestamp="1752449046181" />
    <state x="1280" y="582" width="800" height="654" key="WELCOME_SCREEN/0.25.2560.1345" timestamp="1755023431564" />
  </component>
</application>